1, emp1, REIMBURSEMENT, 100, 10-2-2021, “Traveling expenses”
2, emp2, REIMBURSEMENT, 100, 10-3-2022, “Traveling expenses”
3, emp3, REIMBURSEMENT, 100, 10-4-2023, “Traveling expenses”
4, emp4, REIMBURSEMENT, 100, 10-5-2020, “Traveling expenses”
5, emp5, REIMBURSEMENT, 100, 10-6-2020, “Traveling expenses”
6, emp6, REIMBURSEMENT, 100, 10-7-2020, “Traveling expenses”
7, emp7, REIMBURSEMENT, 100, 10-8-2020, “Traveling expenses”
8, emp8, REIMBURSEMENT, 100, 10-9-2020, “Traveling expenses”
9, emp9, REIMBURSEMENT, 100, 10-10-2020, “Traveling expenses”
10, emp10, REIMBURSEMENT, 100, 10-11-2020, “Traveling expenses”
11, emp11, REIMBURSEMENT, 100, 10-12-2020, “Traveling expenses”
12, emp12, REIMBURSEMENT, 100, 10-1-2020, “Traveling expenses”
13, emp13, REIMBURSEMENT, 100, 10-2-2020, “Traveling expenses”
14, emp14, REIMBURSEMENT, 100, 10-3-2020, “Traveling expenses”
15, emp15, REIMBURSEMENT, 100, 10-4-2020, “Traveling expenses”
16, emp16, REIMBURSEMENT, 100, 10-5-2020, “Traveling expenses”
17, emp17, REIMBURSEMENT, 100, 10-6-2020, “Traveling expenses”
18, emp18, REIMBURSEMENT, 100, 10-7-2020, “Traveling expenses”
19, emp19, REIMBURSEMENT, 100, 10-8-2020, “Traveling expenses”
20, emp20, REIMBURSEMENT, 100, 10-9-2020, “Traveling expenses”
21, emp21, REIMBURSEMENT, 100, 10-10-2020, “Traveling expenses”
22, emp22, REIMBURSEMENT, 100, 10-11-2020, “Traveling expenses”
23, emp23, REIMBURSEMENT, 100, 10-12-2020, “Traveling expenses”
24, emp24, REIMBURSEMENT, 100, 10-1-2020, “Traveling expenses”
25, emp25, REIMBURSEMENT, 100, 10-2-2020, “Traveling expenses”
26, emp26, REIMBURSEMENT, 100, 10-3-2020, “Traveling expenses”
27, emp27, REIMBURSEMENT, 100, 10-4-2020, “Traveling expenses”
28, emp28, REIMBURSEMENT, 100, 10-5-2020, “Traveling expenses”
29, emp29, REIMBURSEMENT, 100, 10-6-2020, “Traveling expenses”
30, emp30, REIMBURSEMENT, 100, 10-7-2020, “Traveling expenses”
31, emp31, REIMBURSEMENT, 100, 10-8-2020, “Traveling expenses”
32, emp32, REIMBURSEMENT, 100, 10-9-2020, “Traveling expenses”
33, emp33, REIMBURSEMENT, 100, 10-10-2020, “Traveling expenses”
34, emp34, REIMBURSEMENT, 100, 10-11-2020, “Traveling expenses”
35, emp35, REIMBURSEMENT, 100, 10-12-2020, “Traveling expenses”
36, emp36, REIMBURSEMENT, 100, 10-1-2020, “Traveling expenses”
37, emp37, REIMBURSEMENT, 100, 10-2-2020, “Traveling expenses”
38, emp38, REIMBURSEMENT, 100, 10-3-2020, “Traveling expenses”
39, emp39, REIMBURSEMENT, 100, 10-4-2020, “Traveling expenses”
40, emp40, REIMBURSEMENT, 100, 10-5-2020, “Traveling expenses”
41, emp41, REIMBURSEMENT, 100, 10-6-2020, “Traveling expenses”
42, emp42, REIMBURSEMENT, 100, 10-7-2020, “Traveling expenses”
43, emp43, REIMBURSEMENT, 100, 10-8-2020, “Traveling expenses”
44, emp44, REIMBURSEMENT, 100, 10-9-2020, “Traveling expenses”
45, emp45, REIMBURSEMENT, 100, 10-10-2020, “Traveling expenses”
46, emp46, REIMBURSEMENT, 100, 10-11-2020, “Traveling expenses”
47, emp47, REIMBURSEMENT, 100, 10-12-2020, “Traveling expenses”
48, emp48, REIMBURSEMENT, 100, 10-1-2020, “Traveling expenses”
49, emp49, REIMBURSEMENT, 100, 10-2-2020, “Traveling expenses”
50, emp50, REIMBURSEMENT, 100, 10-3-2020, “Traveling expenses”
51, emp51, REIMBURSEMENT, 100, 10-4-2020, “Traveling expenses”
52, emp52, REIMBURSEMENT, 100, 10-5-2020, “Traveling expenses”
53, emp53, REIMBURSEMENT, 100, 10-6-2020, “Traveling expenses”
54, emp54, REIMBURSEMENT, 100, 10-7-2020, “Traveling expenses”
55, emp55, REIMBURSEMENT, 100, 10-8-2020, “Traveling expenses”
56, emp56, REIMBURSEMENT, 100, 10-9-2020, “Traveling expenses”
57, emp57, REIMBURSEMENT, 100, 10-10-2020, “Traveling expenses”
58, emp58, REIMBURSEMENT, 100, 10-11-2020, “Traveling expenses”
59, emp59, REIMBURSEMENT, 100, 10-12-2020, “Traveling expenses”
60, emp60, REIMBURSEMENT, 100, 10-1-2020, “Traveling expenses”
61, emp61, REIMBURSEMENT, 100, 10-2-2020, “Traveling expenses”
62, emp62, REIMBURSEMENT, 100, 10-3-2020, “Traveling expenses”
63, emp63, REIMBURSEMENT, 100, 10-4-2020, “Traveling expenses”
64, emp64, REIMBURSEMENT, 100, 10-5-2020, “Traveling expenses”
65, emp65, REIMBURSEMENT, 100, 10-6-2020, “Traveling expenses”
66, emp66, REIMBURSEMENT, 100, 10-7-2020, “Traveling expenses”
67, emp67, REIMBURSEMENT, 100, 10-8-2020, “Traveling expenses”
68, emp68, REIMBURSEMENT, 100, 10-9-2020, “Traveling expenses”
69, emp69, REIMBURSEMENT, 100, 10-10-2020, “Traveling expenses”
70, emp70, REIMBURSEMENT, 100, 10-11-2020, “Traveling expenses”
71, emp71, REIMBURSEMENT, 100, 10-12-2020, “Traveling expenses”
72, emp72, REIMBURSEMENT, 100, 10-1-2020, “Traveling expenses”
73, emp73, REIMBURSEMENT, 100, 10-2-2020, “Traveling expenses”
74, emp74, REIMBURSEMENT, 100, 10-3-2020, “Traveling expenses”
75, emp75, REIMBURSEMENT, 100, 10-4-2020, “Traveling expenses”
76, emp76, REIMBURSEMENT, 100, 10-5-2020, “Traveling expenses”
77, emp77, REIMBURSEMENT, 100, 10-6-2020, “Traveling expenses”
78, emp78, REIMBURSEMENT, 100, 10-7-2020, “Traveling expenses”
79, emp79, REIMBURSEMENT, 100, 10-8-2020, “Traveling expenses”
80, emp80, REIMBURSEMENT, 100, 10-9-2020, “Traveling expenses”
81, emp81, REIMBURSEMENT, 100, 10-10-2020, “Traveling expenses”
82, emp82, REIMBURSEMENT, 100, 10-11-2020, “Traveling expenses”
83, emp83, REIMBURSEMENT, 100, 10-12-2020, “Traveling expenses”
84, emp84, REIMBURSEMENT, 100, 10-1-2020, “Traveling expenses”
85, emp85, REIMBURSEMENT, 100, 10-2-2020, “Traveling expenses”
86, emp86, REIMBURSEMENT, 100, 10-3-2020, “Traveling expenses”
87, emp87, REIMBURSEMENT, 100, 10-4-2020, “Traveling expenses”
88, emp88, REIMBURSEMENT, 100, 10-5-2020, “Traveling expenses”
89, emp89, REIMBURSEMENT, 100, 10-6-2020, “Traveling expenses”
90, emp90, REIMBURSEMENT, 100, 10-7-2020, “Traveling expenses”
91, emp91, REIMBURSEMENT, 100, 10-8-2020, “Traveling expenses”
92, emp92, REIMBURSEMENT, 100, 10-9-2020, “Traveling expenses”
93, emp93, REIMBURSEMENT, 100, 10-10-2020, “Traveling expenses”
94, emp94, REIMBURSEMENT, 100, 10-11-2020, “Traveling expenses”
95, emp95, REIMBURSEMENT, 100, 10-12-2020, “Traveling expenses”
96, emp96, REIMBURSEMENT, 100, 10-1-2020, “Traveling expenses”
97, emp97, REIMBURSEMENT, 100, 10-2-2020, “Traveling expenses”
98, emp98, REIMBURSEMENT, 100, 10-3-2020, “Traveling expenses”
99, emp99, REIMBURSEMENT, 100, 10-4-2020, “Traveling expenses”
100, emp100, REIMBURSEMENT, 100, 10-5-2020, “Traveling expenses”
101, emp101, REIMBURSEMENT, 100, 10-6-2020, “Traveling expenses”
102, emp102, REIMBURSEMENT, 100, 10-7-2020, “Traveling expenses”
103, emp103, REIMBURSEMENT, 100, 10-8-2020, “Traveling expenses”
104, emp104, REIMBURSEMENT, 100, 10-9-2020, “Traveling expenses”
105, emp105, REIMBURSEMENT, 100, 10-10-2020, “Traveling expenses”
106, emp106, REIMBURSEMENT, 100, 10-11-2020, “Traveling expenses”
107, emp107, REIMBURSEMENT, 100, 10-12-2020, “Traveling expenses”
108, emp108, REIMBURSEMENT, 100, 10-1-2020, “Traveling expenses”
109, emp109, REIMBURSEMENT, 100, 10-2-2020, “Traveling expenses”
110, emp110, REIMBURSEMENT, 100, 10-3-2020, “Traveling expenses”
111, emp111, REIMBURSEMENT, 100, 10-4-2020, “Traveling expenses”
112, emp112, REIMBURSEMENT, 100, 10-5-2020, “Traveling expenses”
113, emp113, REIMBURSEMENT, 100, 10-6-2020, “Traveling expenses”
114, emp114, REIMBURSEMENT, 100, 10-7-2020, “Traveling expenses”
115, emp115, REIMBURSEMENT, 100, 10-8-2020, “Traveling expenses”
116, emp116, REIMBURSEMENT, 100, 10-9-2020, “Traveling expenses”
117, emp117, REIMBURSEMENT, 100, 10-10-2020, “Traveling expenses”
118, emp118, REIMBURSEMENT, 100, 10-11-2020, “Traveling expenses”
119, emp119, REIMBURSEMENT, 100, 10-12-2020, “Traveling expenses”
120, emp120, REIMBURSEMENT, 100, 10-1-2020, “Traveling expenses”
121, emp121, REIMBURSEMENT, 100, 10-2-2020, “Traveling expenses”
122, emp122, REIMBURSEMENT, 100, 10-3-2020, “Traveling expenses”
123, emp123, REIMBURSEMENT, 100, 10-4-2020, “Traveling expenses”
124, emp124, REIMBURSEMENT, 100, 10-5-2020, “Traveling expenses”
125, emp125, REIMBURSEMENT, 100, 10-6-2020, “Traveling expenses”
126, emp126, REIMBURSEMENT, 100, 10-7-2020, “Traveling expenses”
127, emp127, REIMBURSEMENT, 100, 10-8-2020, “Traveling expenses”
128, emp128, REIMBURSEMENT, 100, 10-9-2020, “Traveling expenses”
129, emp129, REIMBURSEMENT, 100, 10-10-2020, “Traveling expenses”
130, emp130, REIMBURSEMENT, 100, 10-11-2020, “Traveling expenses”
131, emp131, REIMBURSEMENT, 100, 10-12-2020, “Traveling expenses”
132, emp132, REIMBURSEMENT, 100, 10-1-2020, “Traveling expenses”
133, emp133, REIMBURSEMENT, 100, 10-2-2020, “Traveling expenses”
134, emp134, REIMBURSEMENT, 100, 10-3-2020, “Traveling expenses”
135, emp135, REIMBURSEMENT, 100, 10-4-2020, “Traveling expenses”
136, emp136, REIMBURSEMENT, 100, 10-5-2020, “Traveling expenses”
137, emp137, REIMBURSEMENT, 100, 10-6-2020, “Traveling expenses”
138, emp138, REIMBURSEMENT, 100, 10-7-2020, “Traveling expenses”
139, emp139, REIMBURSEMENT, 100, 10-8-2020, “Traveling expenses”
140, emp140, REIMBURSEMENT, 100, 10-9-2020, “Traveling expenses”
141, emp141, REIMBURSEMENT, 100, 10-10-2020, “Traveling expenses”
142, emp142, REIMBURSEMENT, 100, 10-11-2020, “Traveling expenses”
143, emp143, REIMBURSEMENT, 100, 10-12-2020, “Traveling expenses”
144, emp144, REIMBURSEMENT, 100, 10-1-2020, “Traveling expenses”
145, emp145, REIMBURSEMENT, 100, 10-2-2020, “Traveling expenses”
146, emp146, REIMBURSEMENT, 100, 10-3-2020, “Traveling expenses”
147, emp147, REIMBURSEMENT, 100, 10-4-2020, “Traveling expenses”
148, emp148, REIMBURSEMENT, 100, 10-5-2020, “Traveling expenses”
149, emp149, REIMBURSEMENT, 100, 10-6-2020, “Traveling expenses”
150, emp150, REIMBURSEMENT, 100, 10-7-2020, “Traveling expenses”
151, emp151, REIMBURSEMENT, 100, 10-8-2020, “Traveling expenses”
152, emp152, REIMBURSEMENT, 100, 10-9-2020, “Traveling expenses”
153, emp153, REIMBURSEMENT, 100, 10-10-2020, “Traveling expenses”
154, emp154, REIMBURSEMENT, 100, 10-11-2020, “Traveling expenses”
155, emp155, REIMBURSEMENT, 100, 10-12-2020, “Traveling expenses”
156, emp156, REIMBURSEMENT, 100, 10-1-2020, “Traveling expenses”
157, emp157, REIMBURSEMENT, 100, 10-2-2020, “Traveling expenses”
158, emp158, REIMBURSEMENT, 100, 10-3-2020, “Traveling expenses”
159, emp159, REIMBURSEMENT, 100, 10-4-2020, “Traveling expenses”
160, emp160, REIMBURSEMENT, 100, 10-5-2020, “Traveling expenses”
161, emp161, REIMBURSEMENT, 100, 10-6-2020, “Traveling expenses”
162, emp162, REIMBURSEMENT, 100, 10-7-2020, “Traveling expenses”
163, emp163, REIMBURSEMENT, 100, 10-8-2020, “Traveling expenses”
164, emp164, REIMBURSEMENT, 100, 10-9-2020, “Traveling expenses”
165, emp165, REIMBURSEMENT, 100, 10-10-2020, “Traveling expenses”
166, emp166, REIMBURSEMENT, 100, 10-11-2020, “Traveling expenses”
167, emp167, REIMBURSEMENT, 100, 10-12-2020, “Traveling expenses”
168, emp168, REIMBURSEMENT, 100, 10-1-2020, “Traveling expenses”
169, emp169, REIMBURSEMENT, 100, 10-2-2020, “Traveling expenses”
170, emp170, REIMBURSEMENT, 100, 10-3-2020, “Traveling expenses”
171, emp171, REIMBURSEMENT, 100, 10-4-2020, “Traveling expenses”
172, emp172, REIMBURSEMENT, 100, 10-5-2020, “Traveling expenses”
173, emp173, REIMBURSEMENT, 100, 10-6-2020, “Traveling expenses”
174, emp174, REIMBURSEMENT, 100, 10-7-2020, “Traveling expenses”
175, emp175, REIMBURSEMENT, 100, 10-8-2020, “Traveling expenses”
176, emp176, REIMBURSEMENT, 100, 10-9-2020, “Traveling expenses”
177, emp177, REIMBURSEMENT, 100, 10-10-2020, “Traveling expenses”
178, emp178, REIMBURSEMENT, 100, 10-11-2020, “Traveling expenses”
179, emp179, REIMBURSEMENT, 100, 10-12-2020, “Traveling expenses”
180, emp180, REIMBURSEMENT, 100, 10-1-2020, “Traveling expenses”
181, emp181, REIMBURSEMENT, 100, 10-2-2020, “Traveling expenses”
182, emp182, REIMBURSEMENT, 100, 10-3-2020, “Traveling expenses”
183, emp183, REIMBURSEMENT, 100, 10-4-2020, “Traveling expenses”
184, emp184, REIMBURSEMENT, 100, 10-5-2020, “Traveling expenses”
185, emp185, REIMBURSEMENT, 100, 10-6-2020, “Traveling expenses”
186, emp186, REIMBURSEMENT, 100, 10-7-2020, “Traveling expenses”
187, emp187, REIMBURSEMENT, 100, 10-8-2020, “Traveling expenses”
188, emp188, REIMBURSEMENT, 100, 10-9-2020, “Traveling expenses”
189, emp189, REIMBURSEMENT, 100, 10-10-2020, “Traveling expenses”
190, emp190, REIMBURSEMENT, 100, 10-11-2020, “Traveling expenses”
191, emp191, REIMBURSEMENT, 100, 10-12-2020, “Traveling expenses”
192, emp192, REIMBURSEMENT, 100, 10-1-2020, “Traveling expenses”
193, emp193, REIMBURSEMENT, 100, 10-2-2020, “Traveling expenses”
194, emp194, REIMBURSEMENT, 100, 10-3-2020, “Traveling expenses”
195, emp195, REIMBURSEMENT, 100, 10-4-2020, “Traveling expenses”
196, emp196, REIMBURSEMENT, 100, 10-5-2020, “Traveling expenses”
197, emp197, REIMBURSEMENT, 100, 10-6-2020, “Traveling expenses”
198, emp198, REIMBURSEMENT, 100, 10-7-2020, “Traveling expenses”
199, emp199, REIMBURSEMENT, 100, 10-8-2020, “Traveling expenses”
200, emp200, REIMBURSEMENT, 100, 10-9-2020, “Traveling expenses”
201, emp201, REIMBURSEMENT, 100, 10-10-2020, “Traveling expenses”
202, emp202, REIMBURSEMENT, 100, 10-11-2020, “Traveling expenses”
203, emp203, REIMBURSEMENT, 100, 10-12-2020, “Traveling expenses”
204, emp204, REIMBURSEMENT, 100, 10-1-2020, “Traveling expenses”
205, emp205, REIMBURSEMENT, 100, 10-2-2020, “Traveling expenses”
206, emp206, REIMBURSEMENT, 100, 10-3-2020, “Traveling expenses”
207, emp207, REIMBURSEMENT, 100, 10-4-2020, “Traveling expenses”
208, emp208, REIMBURSEMENT, 100, 10-5-2020, “Traveling expenses”
209, emp209, REIMBURSEMENT, 100, 10-6-2020, “Traveling expenses”
210, emp210, REIMBURSEMENT, 100, 10-7-2020, “Traveling expenses”
211, emp211, REIMBURSEMENT, 100, 10-8-2020, “Traveling expenses”
212, emp212, REIMBURSEMENT, 100, 10-9-2020, “Traveling expenses”
213, emp213, REIMBURSEMENT, 100, 10-10-2020, “Traveling expenses”
214, emp214, REIMBURSEMENT, 100, 10-11-2020, “Traveling expenses”
215, emp215, REIMBURSEMENT, 100, 10-12-2020, “Traveling expenses”
216, emp216, REIMBURSEMENT, 100, 10-1-2020, “Traveling expenses”
217, emp217, REIMBURSEMENT, 100, 10-2-2020, “Traveling expenses”
218, emp218, REIMBURSEMENT, 100, 10-3-2020, “Traveling expenses”
219, emp219, REIMBURSEMENT, 100, 10-4-2020, “Traveling expenses”
220, emp220, REIMBURSEMENT, 100, 10-5-2020, “Traveling expenses”
221, emp221, REIMBURSEMENT, 100, 10-6-2020, “Traveling expenses”
222, emp222, REIMBURSEMENT, 100, 10-7-2020, “Traveling expenses”
223, emp223, REIMBURSEMENT, 100, 10-8-2020, “Traveling expenses”
224, emp224, REIMBURSEMENT, 100, 10-9-2020, “Traveling expenses”
225, emp225, REIMBURSEMENT, 100, 10-10-2020, “Traveling expenses”
226, emp226, REIMBURSEMENT, 100, 10-11-2020, “Traveling expenses”
227, emp227, REIMBURSEMENT, 100, 10-12-2020, “Traveling expenses”
228, emp228, REIMBURSEMENT, 100, 10-1-2020, “Traveling expenses”
229, emp229, REIMBURSEMENT, 100, 10-2-2020, “Traveling expenses”
230, emp230, REIMBURSEMENT, 100, 10-3-2020, “Traveling expenses”
231, emp231, REIMBURSEMENT, 100, 10-4-2020, “Traveling expenses”
232, emp232, REIMBURSEMENT, 100, 10-5-2020, “Traveling expenses”
233, emp233, REIMBURSEMENT, 100, 10-6-2020, “Traveling expenses”
234, emp234, REIMBURSEMENT, 100, 10-7-2020, “Traveling expenses”
235, emp235, REIMBURSEMENT, 100, 10-8-2020, “Traveling expenses”
236, emp236, REIMBURSEMENT, 100, 10-9-2020, “Traveling expenses”
237, emp237, REIMBURSEMENT, 100, 10-10-2020, “Traveling expenses”
238, emp238, REIMBURSEMENT, 100, 10-11-2020, “Traveling expenses”
239, emp239, REIMBURSEMENT, 100, 10-12-2020, “Traveling expenses”
240, emp240, REIMBURSEMENT, 100, 10-1-2020, “Traveling expenses”
241, emp241, REIMBURSEMENT, 100, 10-2-2020, “Traveling expenses”
242, emp242, REIMBURSEMENT, 100, 10-3-2020, “Traveling expenses”
243, emp243, REIMBURSEMENT, 100, 10-4-2020, “Traveling expenses”
244, emp244, REIMBURSEMENT, 100, 10-5-2020, “Traveling expenses”
245, emp245, REIMBURSEMENT, 100, 10-6-2020, “Traveling expenses”
246, emp246, REIMBURSEMENT, 100, 10-7-2020, “Traveling expenses”
247, emp247, REIMBURSEMENT, 100, 10-8-2020, “Traveling expenses”
248, emp248, REIMBURSEMENT, 100, 10-9-2020, “Traveling expenses”
249, emp249, REIMBURSEMENT, 100, 10-10-2020, “Traveling expenses”
250, emp250, REIMBURSEMENT, 100, 10-11-2020, “Traveling expenses”
251, emp251, REIMBURSEMENT, 100, 10-12-2020, “Traveling expenses”
252, emp252, REIMBURSEMENT, 100, 10-1-2020, “Traveling expenses”
253, emp253, REIMBURSEMENT, 100, 10-2-2020, “Traveling expenses”
254, emp254, REIMBURSEMENT, 100, 10-3-2020, “Traveling expenses”
255, emp255, REIMBURSEMENT, 100, 10-4-2020, “Traveling expenses”
256, emp256, REIMBURSEMENT, 100, 10-5-2020, “Traveling expenses”
257, emp257, REIMBURSEMENT, 100, 10-6-2020, “Traveling expenses”
258, emp258, REIMBURSEMENT, 100, 10-7-2020, “Traveling expenses”
259, emp259, REIMBURSEMENT, 100, 10-8-2020, “Traveling expenses”
260, emp260, REIMBURSEMENT, 100, 10-9-2020, “Traveling expenses”
261, emp261, REIMBURSEMENT, 100, 10-10-2020, “Traveling expenses”
262, emp262, REIMBURSEMENT, 100, 10-11-2020, “Traveling expenses”
263, emp263, REIMBURSEMENT, 100, 10-12-2020, “Traveling expenses”
264, emp264, REIMBURSEMENT, 100, 10-1-2020, “Traveling expenses”
265, emp265, REIMBURSEMENT, 100, 10-2-2020, “Traveling expenses”
266, emp266, REIMBURSEMENT, 100, 10-3-2020, “Traveling expenses”
267, emp267, REIMBURSEMENT, 100, 10-4-2020, “Traveling expenses”
268, emp268, REIMBURSEMENT, 100, 10-5-2020, “Traveling expenses”
269, emp269, REIMBURSEMENT, 100, 10-6-2020, “Traveling expenses”
270, emp270, REIMBURSEMENT, 100, 10-7-2020, “Traveling expenses”
271, emp271, REIMBURSEMENT, 100, 10-8-2020, “Traveling expenses”
272, emp272, REIMBURSEMENT, 100, 10-9-2020, “Traveling expenses”
273, emp273, REIMBURSEMENT, 100, 10-10-2020, “Traveling expenses”
274, emp274, REIMBURSEMENT, 100, 10-11-2020, “Traveling expenses”
275, emp275, REIMBURSEMENT, 100, 10-12-2020, “Traveling expenses”
276, emp276, REIMBURSEMENT, 100, 10-1-2020, “Traveling expenses”
277, emp277, REIMBURSEMENT, 100, 10-2-2020, “Traveling expenses”
278, emp278, REIMBURSEMENT, 100, 10-3-2020, “Traveling expenses”
279, emp279, REIMBURSEMENT, 100, 10-4-2020, “Traveling expenses”
280, emp280, REIMBURSEMENT, 100, 10-5-2020, “Traveling expenses”
281, emp281, REIMBURSEMENT, 100, 10-6-2020, “Traveling expenses”
282, emp282, REIMBURSEMENT, 100, 10-7-2020, “Traveling expenses”
283, emp283, REIMBURSEMENT, 100, 10-8-2020, “Traveling expenses”
284, emp284, REIMBURSEMENT, 100, 10-9-2020, “Traveling expenses”
285, emp285, REIMBURSEMENT, 100, 10-10-2020, “Traveling expenses”
286, emp286, REIMBURSEMENT, 100, 10-11-2020, “Traveling expenses”
287, emp287, REIMBURSEMENT, 100, 10-12-2020, “Traveling expenses”
288, emp288, REIMBURSEMENT, 100, 10-1-2020, “Traveling expenses”
289, emp289, REIMBURSEMENT, 100, 10-2-2020, “Traveling expenses”
290, emp290, REIMBURSEMENT, 100, 10-3-2020, “Traveling expenses”
291, emp291, REIMBURSEMENT, 100, 10-4-2020, “Traveling expenses”
292, emp292, REIMBURSEMENT, 100, 10-5-2020, “Traveling expenses”
293, emp293, REIMBURSEMENT, 100, 10-6-2020, “Traveling expenses”
294, emp294, REIMBURSEMENT, 100, 10-7-2020, “Traveling expenses”
295, emp295, REIMBURSEMENT, 100, 10-8-2020, “Traveling expenses”
296, emp296, REIMBURSEMENT, 100, 10-9-2020, “Traveling expenses”
297, emp297, REIMBURSEMENT, 100, 10-10-2020, “Traveling expenses”
298, emp298, REIMBURSEMENT, 100, 10-11-2020, “Traveling expenses”
299, emp299, REIMBURSEMENT, 100, 10-12-2020, “Traveling expenses”
300, emp300, REIMBURSEMENT, 100, 10-1-2020, “Traveling expenses”
301, emp301, REIMBURSEMENT, 100, 10-2-2020, “Traveling expenses”
302, emp302, REIMBURSEMENT, 100, 10-3-2020, “Traveling expenses”
303, emp303, REIMBURSEMENT, 100, 10-4-2020, “Traveling expenses”
304, emp304, REIMBURSEMENT, 100, 10-5-2020, “Traveling expenses”
305, emp305, REIMBURSEMENT, 100, 10-6-2020, “Traveling expenses”
306, emp306, REIMBURSEMENT, 100, 10-7-2020, “Traveling expenses”
307, emp307, REIMBURSEMENT, 100, 10-8-2020, “Traveling expenses”
308, emp308, REIMBURSEMENT, 100, 10-9-2020, “Traveling expenses”
309, emp309, REIMBURSEMENT, 100, 10-10-2020, “Traveling expenses”
310, emp310, REIMBURSEMENT, 100, 10-11-2020, “Traveling expenses”
311, emp311, REIMBURSEMENT, 100, 10-12-2020, “Traveling expenses”
312, emp312, REIMBURSEMENT, 100, 10-1-2020, “Traveling expenses”
313, emp313, REIMBURSEMENT, 100, 10-2-2020, “Traveling expenses”
314, emp314, REIMBURSEMENT, 100, 10-3-2020, “Traveling expenses”
315, emp315, REIMBURSEMENT, 100, 10-4-2020, “Traveling expenses”
316, emp316, REIMBURSEMENT, 100, 10-5-2020, “Traveling expenses”
317, emp317, REIMBURSEMENT, 100, 10-6-2020, “Traveling expenses”
318, emp318, REIMBURSEMENT, 100, 10-7-2020, “Traveling expenses”
319, emp319, REIMBURSEMENT, 100, 10-8-2020, “Traveling expenses”
320, emp320, REIMBURSEMENT, 100, 10-9-2020, “Traveling expenses”
321, emp321, REIMBURSEMENT, 100, 10-10-2020, “Traveling expenses”
322, emp322, REIMBURSEMENT, 100, 10-11-2020, “Traveling expenses”
323, emp323, REIMBURSEMENT, 100, 10-12-2020, “Traveling expenses”
324, emp324, REIMBURSEMENT, 100, 10-1-2020, “Traveling expenses”
325, emp325, REIMBURSEMENT, 100, 10-2-2020, “Traveling expenses”
326, emp326, REIMBURSEMENT, 100, 10-3-2020, “Traveling expenses”
327, emp327, REIMBURSEMENT, 100, 10-4-2020, “Traveling expenses”
328, emp328, REIMBURSEMENT, 100, 10-5-2020, “Traveling expenses”
329, emp329, REIMBURSEMENT, 100, 10-6-2020, “Traveling expenses”
330, emp330, REIMBURSEMENT, 100, 10-7-2020, “Traveling expenses”
331, emp331, REIMBURSEMENT, 100, 10-8-2020, “Traveling expenses”
332, emp332, REIMBURSEMENT, 100, 10-9-2020, “Traveling expenses”
333, emp333, REIMBURSEMENT, 100, 10-10-2020, “Traveling expenses”
334, emp334, REIMBURSEMENT, 100, 10-11-2020, “Traveling expenses”
335, emp335, REIMBURSEMENT, 100, 10-12-2020, “Traveling expenses”
336, emp336, REIMBURSEMENT, 100, 10-1-2020, “Traveling expenses”
337, emp337, REIMBURSEMENT, 100, 10-2-2020, “Traveling expenses”
338, emp338, REIMBURSEMENT, 100, 10-3-2020, “Traveling expenses”
339, emp339, REIMBURSEMENT, 100, 10-4-2020, “Traveling expenses”
340, emp340, REIMBURSEMENT, 100, 10-5-2020, “Traveling expenses”
341, emp341, REIMBURSEMENT, 100, 10-6-2020, “Traveling expenses”
342, emp342, REIMBURSEMENT, 100, 10-7-2020, “Traveling expenses”
343, emp343, REIMBURSEMENT, 100, 10-8-2020, “Traveling expenses”
344, emp344, REIMBURSEMENT, 100, 10-9-2020, “Traveling expenses”
345, emp345, REIMBURSEMENT, 100, 10-10-2020, “Traveling expenses”
346, emp346, REIMBURSEMENT, 100, 10-11-2020, “Traveling expenses”
347, emp347, REIMBURSEMENT, 100, 10-12-2020, “Traveling expenses”
348, emp348, REIMBURSEMENT, 100, 10-1-2020, “Traveling expenses”
349, emp349, REIMBURSEMENT, 100, 10-2-2020, “Traveling expenses”
350, emp350, REIMBURSEMENT, 100, 10-3-2020, “Traveling expenses”
351, emp351, REIMBURSEMENT, 100, 10-4-2020, “Traveling expenses”
352, emp352, REIMBURSEMENT, 100, 10-5-2020, “Traveling expenses”
353, emp353, REIMBURSEMENT, 100, 10-6-2020, “Traveling expenses”
354, emp354, REIMBURSEMENT, 100, 10-7-2020, “Traveling expenses”
355, emp355, REIMBURSEMENT, 100, 10-8-2020, “Traveling expenses”
356, emp356, REIMBURSEMENT, 100, 10-9-2020, “Traveling expenses”
357, emp357, REIMBURSEMENT, 100, 10-10-2020, “Traveling expenses”
358, emp358, REIMBURSEMENT, 100, 10-11-2020, “Traveling expenses”
359, emp359, REIMBURSEMENT, 100, 10-12-2020, “Traveling expenses”
360, emp360, REIMBURSEMENT, 100, 10-1-2020, “Traveling expenses”
361, emp361, REIMBURSEMENT, 100, 10-2-2020, “Traveling expenses”
362, emp362, REIMBURSEMENT, 100, 10-3-2020, “Traveling expenses”
363, emp363, REIMBURSEMENT, 100, 10-4-2020, “Traveling expenses”
364, emp364, REIMBURSEMENT, 100, 10-5-2020, “Traveling expenses”
365, emp365, REIMBURSEMENT, 100, 10-6-2020, “Traveling expenses”
366, emp366, REIMBURSEMENT, 100, 10-7-2020, “Traveling expenses”
367, emp367, REIMBURSEMENT, 100, 10-8-2020, “Traveling expenses”
368, emp368, REIMBURSEMENT, 100, 10-9-2020, “Traveling expenses”
369, emp369, REIMBURSEMENT, 100, 10-10-2020, “Traveling expenses”
370, emp370, REIMBURSEMENT, 100, 10-11-2020, “Traveling expenses”
371, emp371, REIMBURSEMENT, 100, 10-12-2020, “Traveling expenses”
372, emp372, REIMBURSEMENT, 100, 10-1-2020, “Traveling expenses”
373, emp373, REIMBURSEMENT, 100, 10-2-2020, “Traveling expenses”
374, emp374, REIMBURSEMENT, 100, 10-3-2020, “Traveling expenses”
375, emp375, REIMBURSEMENT, 100, 10-4-2020, “Traveling expenses”
376, emp376, REIMBURSEMENT, 100, 10-5-2020, “Traveling expenses”
377, emp377, REIMBURSEMENT, 100, 10-6-2020, “Traveling expenses”
378, emp378, REIMBURSEMENT, 100, 10-7-2020, “Traveling expenses”
379, emp379, REIMBURSEMENT, 100, 10-8-2020, “Traveling expenses”
380, emp380, REIMBURSEMENT, 100, 10-9-2020, “Traveling expenses”
381, emp381, REIMBURSEMENT, 100, 10-10-2020, “Traveling expenses”
382, emp382, REIMBURSEMENT, 100, 10-11-2020, “Traveling expenses”
383, emp383, REIMBURSEMENT, 100, 10-12-2020, “Traveling expenses”
384, emp384, REIMBURSEMENT, 100, 10-1-2020, “Traveling expenses”
385, emp385, REIMBURSEMENT, 100, 10-2-2020, “Traveling expenses”
386, emp386, REIMBURSEMENT, 100, 10-3-2020, “Traveling expenses”
387, emp387, REIMBURSEMENT, 100, 10-4-2020, “Traveling expenses”
388, emp388, REIMBURSEMENT, 100, 10-5-2020, “Traveling expenses”
389, emp389, REIMBURSEMENT, 100, 10-6-2020, “Traveling expenses”
390, emp390, REIMBURSEMENT, 100, 10-7-2020, “Traveling expenses”
391, emp391, REIMBURSEMENT, 100, 10-8-2020, “Traveling expenses”
392, emp392, REIMBURSEMENT, 100, 10-9-2020, “Traveling expenses”
393, emp393, REIMBURSEMENT, 100, 10-10-2020, “Traveling expenses”
394, emp394, REIMBURSEMENT, 100, 10-11-2020, “Traveling expenses”
395, emp395, REIMBURSEMENT, 100, 10-12-2020, “Traveling expenses”
396, emp396, REIMBURSEMENT, 100, 10-1-2020, “Traveling expenses”
397, emp397, REIMBURSEMENT, 100, 10-2-2020, “Traveling expenses”
398, emp398, REIMBURSEMENT, 100, 10-3-2020, “Traveling expenses”
399, emp399, REIMBURSEMENT, 100, 10-4-2020, “Traveling expenses”
400, emp400, REIMBURSEMENT, 100, 10-5-2020, “Traveling expenses”
401, emp401, REIMBURSEMENT, 100, 10-6-2020, “Traveling expenses”
402, emp402, REIMBURSEMENT, 100, 10-7-2020, “Traveling expenses”
403, emp403, REIMBURSEMENT, 100, 10-8-2020, “Traveling expenses”
404, emp404, REIMBURSEMENT, 100, 10-9-2020, “Traveling expenses”
405, emp405, REIMBURSEMENT, 100, 10-10-2020, “Traveling expenses”
406, emp406, REIMBURSEMENT, 100, 10-11-2020, “Traveling expenses”
407, emp407, REIMBURSEMENT, 100, 10-12-2020, “Traveling expenses”
408, emp408, REIMBURSEMENT, 100, 10-1-2020, “Traveling expenses”
409, emp409, REIMBURSEMENT, 100, 10-2-2020, “Traveling expenses”
410, emp410, REIMBURSEMENT, 100, 10-3-2020, “Traveling expenses”
411, emp411, REIMBURSEMENT, 100, 10-4-2020, “Traveling expenses”
412, emp412, REIMBURSEMENT, 100, 10-5-2020, “Traveling expenses”
413, emp413, REIMBURSEMENT, 100, 10-6-2020, “Traveling expenses”
414, emp414, REIMBURSEMENT, 100, 10-7-2020, “Traveling expenses”
415, emp415, REIMBURSEMENT, 100, 10-8-2020, “Traveling expenses”
416, emp416, REIMBURSEMENT, 100, 10-9-2020, “Traveling expenses”
417, emp417, REIMBURSEMENT, 100, 10-10-2020, “Traveling expenses”
418, emp418, REIMBURSEMENT, 100, 10-11-2020, “Traveling expenses”
419, emp419, REIMBURSEMENT, 100, 10-12-2020, “Traveling expenses”
420, emp420, REIMBURSEMENT, 100, 10-1-2020, “Traveling expenses”
421, emp421, REIMBURSEMENT, 100, 10-2-2020, “Traveling expenses”
422, emp422, REIMBURSEMENT, 100, 10-3-2020, “Traveling expenses”
423, emp423, REIMBURSEMENT, 100, 10-4-2020, “Traveling expenses”
424, emp424, REIMBURSEMENT, 100, 10-5-2020, “Traveling expenses”
425, emp425, REIMBURSEMENT, 100, 10-6-2020, “Traveling expenses”
426, emp426, REIMBURSEMENT, 100, 10-7-2020, “Traveling expenses”
427, emp427, REIMBURSEMENT, 100, 10-8-2020, “Traveling expenses”
428, emp428, REIMBURSEMENT, 100, 10-9-2020, “Traveling expenses”
429, emp429, REIMBURSEMENT, 100, 10-10-2020, “Traveling expenses”
430, emp430, REIMBURSEMENT, 100, 10-11-2020, “Traveling expenses”
431, emp431, REIMBURSEMENT, 100, 10-12-2020, “Traveling expenses”
432, emp432, REIMBURSEMENT, 100, 10-1-2020, “Traveling expenses”
433, emp433, REIMBURSEMENT, 100, 10-2-2020, “Traveling expenses”
434, emp434, REIMBURSEMENT, 100, 10-3-2020, “Traveling expenses”
435, emp435, REIMBURSEMENT, 100, 10-4-2020, “Traveling expenses”
436, emp436, REIMBURSEMENT, 100, 10-5-2020, “Traveling expenses”
437, emp437, REIMBURSEMENT, 100, 10-6-2020, “Traveling expenses”
438, emp438, REIMBURSEMENT, 100, 10-7-2020, “Traveling expenses”
439, emp439, REIMBURSEMENT, 100, 10-8-2020, “Traveling expenses”
440, emp440, REIMBURSEMENT, 100, 10-9-2020, “Traveling expenses”
441, emp441, REIMBURSEMENT, 100, 10-10-2020, “Traveling expenses”
442, emp442, REIMBURSEMENT, 100, 10-11-2020, “Traveling expenses”
443, emp443, REIMBURSEMENT, 100, 10-12-2020, “Traveling expenses”
444, emp444, REIMBURSEMENT, 100, 10-1-2020, “Traveling expenses”
445, emp445, REIMBURSEMENT, 100, 10-2-2020, “Traveling expenses”
446, emp446, REIMBURSEMENT, 100, 10-3-2020, “Traveling expenses”
447, emp447, REIMBURSEMENT, 100, 10-4-2020, “Traveling expenses”
448, emp448, REIMBURSEMENT, 100, 10-5-2020, “Traveling expenses”
449, emp449, REIMBURSEMENT, 100, 10-6-2020, “Traveling expenses”
450, emp450, REIMBURSEMENT, 100, 10-7-2020, “Traveling expenses”
451, emp451, REIMBURSEMENT, 100, 10-8-2020, “Traveling expenses”
452, emp452, REIMBURSEMENT, 100, 10-9-2020, “Traveling expenses”
453, emp453, REIMBURSEMENT, 100, 10-10-2020, “Traveling expenses”
454, emp454, REIMBURSEMENT, 100, 10-11-2020, “Traveling expenses”
455, emp455, REIMBURSEMENT, 100, 10-12-2020, “Traveling expenses”
456, emp456, REIMBURSEMENT, 100, 10-1-2020, “Traveling expenses”
457, emp457, REIMBURSEMENT, 100, 10-2-2020, “Traveling expenses”
458, emp458, REIMBURSEMENT, 100, 10-3-2020, “Traveling expenses”
459, emp459, REIMBURSEMENT, 100, 10-4-2020, “Traveling expenses”
460, emp460, REIMBURSEMENT, 100, 10-5-2020, “Traveling expenses”
461, emp461, REIMBURSEMENT, 100, 10-6-2020, “Traveling expenses”
462, emp462, REIMBURSEMENT, 100, 10-7-2020, “Traveling expenses”
463, emp463, REIMBURSEMENT, 100, 10-8-2020, “Traveling expenses”
464, emp464, REIMBURSEMENT, 100, 10-9-2020, “Traveling expenses”
465, emp465, REIMBURSEMENT, 100, 10-10-2020, “Traveling expenses”
466, emp466, REIMBURSEMENT, 100, 10-11-2020, “Traveling expenses”
467, emp467, REIMBURSEMENT, 100, 10-12-2020, “Traveling expenses”
468, emp468, REIMBURSEMENT, 100, 10-1-2020, “Traveling expenses”
469, emp469, REIMBURSEMENT, 100, 10-2-2020, “Traveling expenses”
470, emp470, REIMBURSEMENT, 100, 10-3-2020, “Traveling expenses”
471, emp471, REIMBURSEMENT, 100, 10-4-2020, “Traveling expenses”
472, emp472, REIMBURSEMENT, 100, 10-5-2020, “Traveling expenses”
473, emp473, REIMBURSEMENT, 100, 10-6-2020, “Traveling expenses”
474, emp474, REIMBURSEMENT, 100, 10-7-2020, “Traveling expenses”
475, emp475, REIMBURSEMENT, 100, 10-8-2020, “Traveling expenses”
476, emp476, REIMBURSEMENT, 100, 10-9-2020, “Traveling expenses”
477, emp477, REIMBURSEMENT, 100, 10-10-2020, “Traveling expenses”
478, emp478, REIMBURSEMENT, 100, 10-11-2020, “Traveling expenses”
479, emp479, REIMBURSEMENT, 100, 10-12-2020, “Traveling expenses”
480, emp480, REIMBURSEMENT, 100, 10-1-2020, “Traveling expenses”
481, emp481, REIMBURSEMENT, 100, 10-2-2020, “Traveling expenses”
482, emp482, REIMBURSEMENT, 100, 10-3-2020, “Traveling expenses”
483, emp483, REIMBURSEMENT, 100, 10-4-2020, “Traveling expenses”
484, emp484, REIMBURSEMENT, 100, 10-5-2020, “Traveling expenses”
485, emp485, REIMBURSEMENT, 100, 10-6-2020, “Traveling expenses”
486, emp486, REIMBURSEMENT, 100, 10-7-2020, “Traveling expenses”
487, emp487, REIMBURSEMENT, 100, 10-8-2020, “Traveling expenses”
488, emp488, REIMBURSEMENT, 100, 10-9-2020, “Traveling expenses”
489, emp489, REIMBURSEMENT, 100, 10-10-2020, “Traveling expenses”
490, emp490, REIMBURSEMENT, 100, 10-11-2020, “Traveling expenses”
491, emp491, REIMBURSEMENT, 100, 10-12-2020, “Traveling expenses”
492, emp492, REIMBURSEMENT, 100, 10-1-2020, “Traveling expenses”
493, emp493, REIMBURSEMENT, 100, 10-2-2020, “Traveling expenses”
494, emp494, REIMBURSEMENT, 100, 10-3-2020, “Traveling expenses”
495, emp495, REIMBURSEMENT, 100, 10-4-2020, “Traveling expenses”
496, emp496, REIMBURSEMENT, 100, 10-5-2020, “Traveling expenses”
497, emp497, REIMBURSEMENT, 100, 10-6-2020, “Traveling expenses”
498, emp498, REIMBURSEMENT, 100, 10-7-2020, “Traveling expenses”
499, emp499, REIMBURSEMENT, 100, 10-8-2020, “Traveling expenses”
500, emp500, REIMBURSEMENT, 100, 10-9-2020, “Traveling expenses”